verbs,celebrities,adjectives,nouns,body parts,places,adverbs,animals
accept,Marilyn Monroe,abandoned,aardvarks ,abdomen,Afghanistan,abnormally,Aardvark
add,Abraham Lincoln,able,airs ,Adam's apple,Albania,absentmindedly ,African Elephant 
admire,Mother Teresa,absolute,airplanes ,ankle,Algeria,accidentally ,African Tree Pangolin 
admit,John F. Kennedy,adorable,airports ,anus    ,Andorra,acidly,Albatross 
advise,Martin Luther King,adventurous,alarms ,appendix,Angola,actually ,Alligator 
afford,Nelson Mandela,academic,alligators ,arm,Antigua & Deps,adventurously,Alpaca 
agree,Winston Churchill,acceptable,alphabets ,armpit,Argentina,afterwards ,Anaconda 
alert,Bill Gates,acclaimed,ambulances ,artery,Armenia,almost ,Angel Fish 
allow,Muhammad Ali,accomplished,animals ,back,Australia,always ,Ant 
amuse,Mahatma Gandhi,accurate,ankles ,beard,Austria,angrily ,Anteater 
analyse,Margaret Thatcher,aching,armies ,belly,Azerbaijan,annually ,Antelope 
announce,Charles de Gaulle,acidic,answers ,belly-button,Bahamas,anxiously ,Archer Fish 
annoy,Christopher Columbus,acrobatic,ants ,biceps,Bahrain,arrogantly ,Armadillo 
answer,George Orwell,active,antelopes ,bladder,Bangladesh,awkwardly,Asian Elephant 
apologise,Charles Darwin,actual,apples ,blood,Barbados,badly ,Atlantic Puffin 
appear,Elvis Presley,adept,arms ,bone,Belarus,bashfully ,Aye-Aye 
applaud,Albert Einstein,admirable,armchairs ,brains,Belgium,beautifully ,Arab horse 
appreciate,Paul McCartney,admired,arrows ,breast,Belize,bitterly,Baboon 
approve,Plato,adolescent,asparaguses ,bosom,Benin,bleakly,Badger 
argue,Queen Elizabeth II,adorable,babies ,butt-cheek,Bhutan,blindly ,Bald Eagle 
arrange,Queen Victoria,adored,backs ,calf,Bolivia,blissfully,Bandicoot 
arrest,John M Keynes,advanced,backbones ,capillary,Bosnia Herzegovina,boastfully ,Bangle Tiger 
arrive,Mikhail Gorbachev,afraid,bacons ,cell,Botswana,boldly ,Barnacle 
ask,Jawaharlal Nehru,affectionate,badges ,cervix,Brazil,bravely ,Barracuda 
attach,Leonardo da Vinci,aged,badgers ,cheek,Brunei,briefly ,Basilisk 
attack,Louis Pasteur,aggravating,bags ,chest,Bulgaria,brightly ,Bass 
attempt,Leo Tolstoy,aggressive,bagpipes ,chin,Burkina,briskly ,Basset Hound 
attend,Pablo Picasso,agile,baits ,cranium,Burundi,broadly ,Bat 
attract,Vincent Van Gogh,agitated,bakeries ,cuticle,Cambodia,busily  ,Bearded Dragon 
avoid,Franklin D. Roosevelt,agonizing,balls ,epidermis,Cameroon,calmly ,Beaver 
back,Pope John Paul II,agreeable,balloons ,skin,Canada,carefully ,Bee 
bake,Thomas Edison,ajar,bamboos ,ear,Cape Verde,carelessly ,Beetle 
balance,Rosa Parks,alarmed,bananas ,eardrum,Central African Rep,cautiously ,Beluga Whale 
ban,Aung San Suu Kyi,alarming,bands ,elbow,Chad,certainly,Bird 
bang,Lyndon Johnson,alert,bandanas ,esophagus,Chile,cheerfully ,Big-horned sheep 
bare,Ludwig Beethoven,alienated,bangles ,eye,China,clearly ,Bird of paradise 
bat,Oprah Winfrey,alive,banjos ,eyebrow,Colombia,cleverly,Bison 
bathe,Indira Gandhi,all,banks ,eyelash,Comoros,closely ,Billy goat 
battle,Eva Peron,altruistic,baseballs ,eyelid,Congo,coaxingly ,Black Bear 
beam,Benazir Bhutto,amazing,baskets ,face,Congo {Democratic Rep},colorfully ,Black Fly 
beg,Desmond Tutu,ambitious,basketballs ,finger,Costa Rica,commonly,Black Rhino 
behave,Dalai Lama,ample,bats ,fingernail,Croatia,continually ,Black Footed Rhino 
belong,Walt Disney,amused,baths ,fist,Cuba,coolly ,Black Widow Spider 
bleach,Neil Armstrong,amusing,bathrooms ,foot,Cyprus,correctly ,Blackbird 
bless,Peter Sellers,anchored,bathtubs ,forearm,Czech Republic,courageously ,Blowfish 
blind,Barack Obama,ancient,batteries ,forehead,Denmark,crossly ,Blue Jay 
blink,Malcolm X,angelic,battles ,foreskin,Djibouti,cruelly ,Blue Whale 
blot,J.K.Rowling,angry,bays ,gall bladder,Dominica,curiously,Boa 
blush,Richard Branson,anguished,beaches ,gland,Dominican Republic,daily ,Boar 
boast,Pele,animated,beads ,groin,East Timor,daintily,Bob-Cat 
boil,Angelina Jolie,annual,beans ,gum,Ecuador,dearly ,Bonobo 
bolt,Jesse Owens,another,bears ,hair,Egypt,deceivingly ,Bottle-Nose dolphin 
bomb,Ernest Hemingway,antique,beards ,hairdo,El Salvador,delightfully,Bornean Orang-utan 
book,John Lennon,anxious,beasts ,hand,Equatorial Guinea,deeply ,Boxer dog 
bore,Henry Ford,any,beats ,head,Eritrea,defiantly ,Brown Bear 
borrow,Haile Selassie,apprehensive,beauties ,heart,Estonia,deliberately ,Buck 
bounce,Joseph Stalin,appropriate,beavers ,heel,Ethiopia,delightfully ,Budgie 
bow,Lord Baden Powell,apt,beds ,hip,Fiji,diligently ,Buffalo 
box,Michael Jordon,arctic,bedrooms ,intestine,Finland,dimly,Bull 
brake,George Bush jnr,arid,bees ,jaw,France,doubtfully ,Bull frog 
branch,V.Lenin,aromatic,beefs ,kidney,Gabon,dreamily ,Bull Mastiff 
breathe,Ingrid Bergman,artistic,beetles ,knee,Gambia,easily ,Butterfly 
bruise,Fidel Castro,ashamed,bells ,kneecap,Georgia,elegantly ,Buzzard 
brush,Oscar Wilde,assured,belts ,knuckle,Germany,energetically ,Border Collie
bubble,Coco Chanel,astonishing,benches ,leg,Ghana,enormously ,Caribou 
bump,Pope Francis,athletic,berets ,ligament,Greece,enthusiastically ,Cheetah 
burn,Amelia Earhart,attached,berries ,lip,Grenada,equally ,Common Dolphin 
bury,Adolf Hitler,attentive,bicycles ,liver,Guatemala,especially,Common seal 
buzz,Sting,attractive,bikes ,lung,Guinea,even ,Caiman lizard 
calculate,Mary Magdalene,austere,birds ,mandible,Guinea-Bissau,evenly ,Camel 
call,Alfred Hitchcock,authentic,birthdays ,moustache,Guyana,eventually ,Canary 
camp,Michael Jackson,authorized,bites ,mouth,Haiti,exactly ,Carp 
care,Madonna,automatic,blacks ,muscle,Honduras,excitedly ,Cat 
carry,Mata Hari,avaricious,blades ,neck,Hungary,extremely  ,Caterpillar 
carve,Cleopatra,average,blankets ,neckline,Iceland,fairly ,Cattle 
cause,Grace Kelly,aware,blocks ,nerve,India,faithfully ,Catfish 
challenge,Steve Jobs,awesome,bloods ,nipple,Indonesia,famously ,Chameleon 
change,Ronald Reagan,awful,blouses ,nose,Iran,far ,Centipede 
charge,Lionel Messi,awkward,blows ,nostril,Iraq,fast ,Chicken 
chase,Babe Ruth,babyish,boards ,organ,Ireland {Republic},fatally ,Chimpanzee 
cheat,Bob Geldof,bad,boats ,palate,Israel,ferociously ,Chihuahua 
check,Leon Trotsky,back,bobcats ,palm,Italy,fervently ,Chinchilla 
cheer,Roger Federer,baggy,bodies ,pancreas,Ivory Coast,fiercely ,Chipmunk 
chew,Sigmund Freud,bare,bolts ,penis,Jamaica,fondly ,Clam 
choke,Woodrow Wilson,barren,bones ,prostate,Japan,foolishly ,Chupacabra 
chop,Mao Zedong,basic,bonsais ,pubis,Jordan,fortunately ,Clown Fish 
claim,Katherine Hepburn,beautiful,books ,rectum,Kazakhstan,frankly ,Cobra 
clap,Audrey Hepburn,belated,bookcases ,rib,Kenya,frantically,Cocker Spaniel 
clean,David Beckham,beloved,booklets ,scalp,Kiribati,freely,Cockatiel 
clear,Tiger Woods,beneficial,boots ,scrotum,Korea North,frenetically ,Cockatoo 
clip,Usain Bolt,better,borders ,shin,Korea South,frightfully,Cockroach 
close,Carl Lewis,best,bottles ,shoulder,Kosovo,fully,Cod 
coach,Prince Charles,bewitched,bottoms ,shoulder blade,Kuwait,furiously ,Coho 
coil,Jacqueline Kennedy Onassis,big,boundaries ,sinus,Kyrgyzstan,generally,Corn Snake 
collect,C.S. Lewis,big-hearted,bows ,skeleton,Laos,generously,Cougar 
colour,Billie Holiday,biodegradable,bowlings ,skin,Latvia,gently,Cow 
comb,J.R.R. Tolkien,bite-sized,boxes ,skull,Lebanon,gladly ,Coyote 
command,Tom Cruise,bitter,boys ,sole,Lesotho,gleefully ,Crab 
communicate,Billie Jean King,black,brains ,spine,Liberia,gracefully ,Crane 
compare,Anne Frank,black-and-white,brakes ,spleen,Libya,gratefully,Crawfish 
compete,Simon Bolivar,bland,branches ,sternum,Liechtenstein,greatly ,Cray fish 
complain,Marie Antoinette,blank,brasses ,stomach,Lithuania,greedily,Cricket 
complete,Christiano Ronaldo,blaring,breads ,temple,Luxembourg,happily ,Crocodile 
concentrate,Emmeline Pankhurst ,bleak,breaks ,tendon,Macedonia,hastily ,Crow 
concern,Emile Zatopek,blind,breakfasts ,testicle,Madagascar,healthily ,Cuckoo bird 
confess,Lech Walesa,blissful,breaths ,thigh,Malawi,heavily ,Cuttle fish 
confuse,Julie Andrews,blond,bricks ,thorax,Malaysia,helpfully ,Deer 
connect,Florence Nightingale,blue,bridges ,throat,Maldives,helplessly ,Dog 
consider,Marie Curie,blushing,broccolis ,thumb,Mali,highly ,Du-gong 
consist,Stephen Hawking,bogus,brochures ,thyroid,Malta,honestly ,Dalmation 
contain,Tim Berners Lee,boiling,brothers ,toe,Marshall Islands,hopelessly ,Dacshund 
continue,Lance Armstrong,bold,brushes ,toenail,Mauritania,hourly ,Damsel fly 
copy,Shakira,bony,bubbles ,tongue,Mauritius,hungrily        ,Dart Frog 
correct,Jon Stewart,boring,buckets ,tonsil,Mexico,immediately ,Devi Fish (Giant Sting ray) 
cough,Wright Brothers,bossy,buildings ,tooth,Micronesia,innocently ,Diamond back rattler 
count,Roman Abramovich,both,bulbs ,umbilical cord,Moldova,inquisitively ,Dik-dik 
cover,Rupert Murdoch,bouncy,bulls ,uterus,Monaco,instantly ,Dingo 
crack,Al Gore,bountiful,bulldozers ,urethra,Mongolia,intensely ,Dinosaur 
crash,Sacha Baron Cohen,bowed,bumpers ,uvula,Montenegro,intently ,Doberman Pinscher 
crawl,George Clooney,brave,buns ,vagina,Morocco,interestingly ,Dodo bird 
cross,Paul Krugman,breakable,buss ,vein,Mozambique,inwardly ,Dolphin 
crush,Jimmy Wales,brief,bushes ,vena,"Myanmar, {Burma}",irritably       ,Dolly Varden 
cry,Brad Pitt,bright,butters ,waist,Namibia,jaggedly,Donkey 
cure,Kylie Minogue,brilliant,buttons ,windpipe,Nauru,jealously,Door mouse 
curl,Malala Yousafzai,brisk,cabbages ,trachea,Nepal,joshingly,Dormouse 
curve,Stephen King,broken,cacti ,wrist,Netherlands,joyfully,Draft horse 
cycle,BTS,bronze,cafes ,,New Zealand,joyously ,Dove 
dam,Selena Gomez,brown,cakes ,,Nicaragua,jovially,Dragonfly 
damage,Kylie Jenner,bruised,calculators ,,Niger,jubilantly,Drake 
dance,Kanye West,bubbly,calendars ,,Nigeria,judgmentally,Duck 
dare,Cristiano Ronaldo,bulky,calves ,,Norway,justly,Duckbill Platypus 
decay,Ellen DeGeneres,bumpy,calls ,,Oman,keenly,Dung beetle 
deceive,Ariana Grande,buoyant,camels ,,Pakistan,kiddingly,Eurasian Lynx 
decide,Gordon Ramsay,burdensome,cameras ,,Palau,kindheartedly,Eagle 
decorate,Ed Sheeran,burly,camps ,,Panama,kindly,Earthworm 
delay,Billie Eilish,bustling,candles ,,Papua New Guinea,knavishly,Earwig 
delight,Simon Cowell,busy,canoes ,,Paraguay,knottily,Echidna 
deliver,Drake,buttery,canvass ,,Peru,knowingly,Eclectus 
depend,Howard Stern,buzzing,caps ,,Philippines,knowledgeably,Eel 
describe,Kim Kardashian,calculating,captains ,,Poland,kookily ,Egret 
desert,Stephen Curry,calm,cars ,,Portugal,lazily ,Elephant 
deserve,Taylor Swift,candid,cards ,,Qatar,less ,Elephant Seal 
destroy,Shawn Mendes,canine,cardboards ,,Romania,lightly ,Elk 
detect,Camila Cabello,capital,cardigans ,,Russian Federation,likely ,Emu 
develop,Scarlett Johansson,carefree,carpenters ,,Rwanda,limply,Erne 
disagree,Emma Stone,careful,carrots ,,St Kitts & Nevis,lively,Falcon 
disappear,Anne Hathaway,careless,cartoons ,,St Lucia,loftily,Finch 
disapprove,Mila Kunis,caring,cats ,,Saint Vincent & the Grenadines,longingly ,Fish 
disarm,Natalie Portman,cautious,caterpillars ,,Samoa,loosely,Firefly 
discover,Megan Fox,cavernous,cathedrals ,,San Marino,lovingly ,Flamingo 
dislike,Jessica Alba,celebrated,castles ,,Sao Tome & Principe,loudly ,Flatworm 
divide,Jennifer Aniston,charming,cauliflowers ,,Saudi Arabia,loyally,Fly 
double,Emma Watson,cheap,caves ,,Senegal,madly ,Ferret 
doubt,Jennifer Lawrence,cheerful,CDs ,,Serbia,majestically ,Fox 
drag,Beyonce,cheery,ceilings ,,Seychelles,meaningfully ,Fresh Water Crocodile
drain,Emily Blunt,chief,celeries ,,Sierra Leone,mechanically ,Frog 
dream,Rihanna,chilly,cellos ,,Singapore,merrily ,Galapagos Land Iguana 
dress,Adele,chubby,cements ,,Slovakia,miserably ,Galapagos Tortoise 
drip,Madonna,circular,cemeteries ,,Slovenia,mockingly ,Gazelle 
drop,Lady Gaga,classic,cereals ,,Solomon Islands,monthly ,Giant Anteater 
drown,Katy Perry,clean,chains ,,Somalia,more ,Giant panda 
drum,Bruno Mars,clear,chairs ,,South Africa,mortally ,Giraffe 
dry,Harry Styles,clear-cut,chalks ,,South Sudan,mostly ,Gnat 
dust,Adam Levine,clever,channels ,,Spain,mysteriously    ,Goat 
earn,John Legend,close,characters ,,Sri Lanka,naturally ,Goose 
educate,Justin Bieber,closed,cheeks ,,Sudan,nearly ,Gopher 
embarrass,,cloudy,cheeses ,,Suriname,neatly,Gorilla 
employ,,clueless,cheetahs ,,Swaziland,needily ,Grasshopper 
empty,,clumsy,cherries ,,Sweden,nervously ,Green fly 
encourage,,cluttered,chests ,,Switzerland,never ,Grey Whale 
end,,coarse,chests ,,Syria,nicely,Great White Shark 
enjoy,,cold,chicks ,,Taiwan,noisily ,Green poison dart frog 
enter,,colorful,chickens ,,Tajikistan,not     ,Green Sea Turtle 
entertain,,colorless,children ,,Tanzania,obediently ,Groundhog 
escape,,colossal,chimpanzees ,,Thailand,obnoxiously ,Hammerhead shark 
examine,,comfortable,chins ,,Togo,oddly,Hare 
excite,,common,chives ,,Tonga,offensively,Hawk 
excuse,,compassionate,chocolates ,,Trinidad & Tobago,officially,Hedgehog 
exercise,,competent,churches ,,Tunisia,often ,Heron 
exist,,complete,cicadas ,,Turkey,only ,Herring 
expand,,complex,cinemas ,,Turkmenistan,openly ,Hippopotamus 
expect,,complicated,circles ,,Tuvalu,optimistically,Horse 
explain,,composed,cities ,,Uganda,overconfidently,Hyena 
explode,,concerned,clams ,,Ukraine,owlishly,Hyrax 
extend,,concrete,clarinets ,,United Arab Emirates,painfully ,Irrawaddy Dolphin 
face,,confused,clicks ,,United Kingdom,partially ,Iguana 
fade,,conscious,clocks ,,United States,patiently ,Iguanodon 
fail,,considerate,closes ,,Uruguay,perfectly ,Impala 
fancy,,constant,closets ,,Uzbekistan,physically ,Inchworm 
fasten,,content,cloths ,,Vanuatu,playfully ,Insect 
fax,,conventional,clouds  ,,Vatican City,politely ,Jellyfish 
fear,,cooked,coaches ,,Venezuela,poorly ,Jackal 
fence,,cool,coals ,,Vietnam,positively,Jackrabbit 
fetch,,cooperative,coasts ,,Yemen,potentially,Jaguar 
file,,coordinated,coats ,,Zambia,powerfully ,June bug 
fill,,corny,cobwebs ,,Zimbabwe,promptly ,Kangaroo 
film,,corrupt,cockroaches ,,,properly,Killer Whale 
fire,,costly,cocoas ,,,punctually,King Cobra 
fit,,courageous,coffees ,,,quaintly,Kingfisher
fix,,courteous,coils ,,,quarrelsomely,Koala 
flap,,crafty,coins ,,,queasily,Komodo Dragon 
flash,,crazy,cokes ,,,queerly,Kookaburra 
float,,creamy,colds ,,,questionably,Krill 
flood,,creative,collars ,,,questioningly,Lama 
flow,,creepy,colleges ,,,quicker,Lamb 
flower,,criminal,colts ,,,quickly,Lancelet 
fold,,crisp,combs ,,,quietly,Leatherback sea turtle 
follow,,critical,comics ,,,quirkily,Leech 
fool,,crooked,commas ,,,quizzically,Lemming 
force,,crowded,computers ,,,rapidly ,Lemur 
form,,cruel,copies ,,,rarely ,Leopard 
found,,crushing,corns ,,,readily,Lice 
frame,,cuddly,costs ,,,really ,Lion 
frighten,,cultivated,cottons ,,,reassuringly,Lionfish 
fry,,cultured,couches ,,,recklessly ,Llama 
gather,,cumbersome,cougars ,,,regularly ,Lobster 
gaze,,curly,countries ,,,reluctantly,Lynx 
glow,,curvy,courses ,,,repeatedly ,Manatee 
glue,,cute,courts ,,,reproachfully,Man-Of-War 
grab,,cylindrical,cousins ,,,restfully,Mantis
grate,,damaged,cows ,,,righteously,Marmot 
grease,,damp,crabs ,,,rightfully,Marsupials 
greet,,dangerous,cracks ,,,rigidly ,Meerkat 
grin,,dapper,crackers ,,,roughly ,Mink 
grip,,daring,crates ,,,rudely ,Mole 
groan,,darling,crayfishes ,,,sadly ,Mollusks 
guarantee,,dark,crayons ,,,safely ,Monarch Butterfly 
guard,,dazzling,creams ,,,scarcely ,Mongoose 
guess,,dead,creeks ,,,scarily ,Monkey 
guide,,deadly,crickets ,,,searchingly ,Moose 
hammer,,deafening,crocodiles ,,,sedately ,Mountain Lion 
hand,,dear,crops ,,,seemingly ,Mouse 
handle,,dearest,crows ,,,seldom ,Mule 
hang,,decent,crowds ,,,selfishly ,Muskox 
happen,,decimal,crowns ,,,separately,Muskrat 
harass,,decisive,cucumbers ,,,seriously ,Naked Mole Rat 
harm,,deep,cups ,,,shakily ,Narwhal 
hate,,defenseless,cupboards ,,,sharply,Nautilus 
haunt,,defensive,curtains ,,,sheepishly ,Newt  
head,,defiant,curves ,,,shrilly ,Ocelot 
heal,,deficient,cushions ,,,shyly ,Octopus 
heap,,definite,cyclones ,,,silently ,Opossum 
heat,,definitive,dads ,,,sleepily ,Orangutan 
help,,delayed,daffodils ,,,slowly ,Orca 
hook,,delectable,daisies ,,,smoothly ,Osprey 
hop,,delicious,dances ,,,softly,Ostrich 
hope,,delightful,daughters ,,,solemnly ,Otter 
hover,,delirious,days ,,,solidly,Owl 
hug,,demanding,deeds ,,,sometimes ,Ox 
hum,,dense,denims ,,,soon ,Panda 
hunt,,dental,dentists ,,,speedily ,Panther
hurry,,dependable,deserts ,,,stealthily ,Peacock
identify,,dependent,desks ,,,sternly ,Pelican 
ignore,,descriptive,desserts ,,,strictly,Penguin 
imagine,,deserted,detectives ,,,successfully,Pig 
impress,,detailed,dews ,,,suddenly ,Pigeon
improve,,determined,diamonds ,,,surprisingly,Platypus
include,,devoted,dictionaries ,,,suspiciously,Polar Bear
increase,,different,dinghies ,,,sweetly ,Porcupine
influence,,difficult,dinosaurs ,,,swiftly ,Praying Mantis
inform,,digital,diets ,,,sympathetically,Prawn
inject,,diligent,dishes ,,,tenderly,Puma
injure,,dim,dogs ,,,tensely ,Quail 
instruct,,dimpled,dolls ,,,terribly,Quetzal 
intend,,dimwitted,dollars ,,,thankfully,Rabbit
interest,,direct,doors ,,,thoroughly,Raccoon
interfere,,disastrous,dragons ,,,thoughtfully,Rat 
interrupt,,discrete,dragonflies ,,,tightly,Ray 
introduce,,disfigured,drains ,,,tomorrow ,Reindeer 
invent,,disgusting,drawers ,,,too ,Rhino
invite,,disloyal,dreams ,,,tremendously,Ringworm
irritate,,dismal,dresses ,,,triumphantly,Rhinoceros
itch,,distant,dressers ,,,truly,Robin
jail,,downright,drills ,,,truthfully,Rooster
jam,,dreary,drinks ,,,ultimately,Roundworm
jog,,dirty,drums ,,,unabashedly,Salmon
join,,disguised,dryers ,,,unaccountably,Salt water alligator
joke,,dishonest,ducks ,,,unbearably,Sandpiper
judge,,dismal,ducklings ,,,unethically,Seahorse
juggle,,distant,dungeons ,,,unexpectedly ,Seal
jump,,distinct,dusts ,,,unfortunately,Sea anemone
kick,,distorted,eagles ,,,unimpressively,Sea Lion
kill,,dizzy,ears ,,,unnaturally,Sea urchin
kiss,,dopey,earths ,,,unnecessarily,Scallop
kneel,,doting,earthquakes ,,,utterly,Scorpion
knit,,double,eels ,,,upbeat,Shark
knock,,downright,eggs ,,,upliftingly,Sheep
knot,,drab,eggplants ,,,upright,Shrimp
label,,drafty,elbows ,,,upside-down,Siberian Husky 
land,,dramatic,elephants ,,,upward,Siberian Tiger
last,,dreary,energies ,,,upwardly,Skunks 
laugh,,droopy,engines ,,,urgently,Slender Loris
launch,,dry,equipment ,,,usefully,Sloth
learn,,dual,evenings ,,,uselessly,Sloth bear
level,,dull,eyes ,,,usually,Slugs 
license,,dutiful,eyebrows ,,,utterly,Snails 
lick,,each,faces ,,,vacantly,Snake 
lie,,eager,facts ,,,vaguely,Snow Hare 
lighten,,earnest,factories ,,,vainly,Snow Fox 
like,,early,fairies,,,valiantly,Snow Leopard 
list,,easy,families ,,,vastly,Somali Wild Ass 
listen,,easy-going,fans ,,,verbally,Sponge 
live,,ecstatic,fangs ,,,very ,Spectacled Bear 
load,,edible,farms ,,,viciously,Squid
lock,,educated,fears ,,,victoriously ,Squirrel
long,,elaborate,feasts ,,,violently,Starfish
look,,elastic,feathers ,,,vivaciously ,Stork
love,,elated,feet ,,,voluntarily     ,Swan
man,,elderly,ferryboats ,,,warmly,Swordfish
manage,,electric,fields ,,,weakly ,Tapir
march,,elegant,fights ,,,wearily ,Tasmanian Devil
mark,,elementary,fingers ,,,well ,Tiger 
marry,,elliptical,fires ,,,wetly,Tadpole 
match,,embarrassed,fireplaces ,,,wholly,Tamarin 
mate,,embellished,fishes ,,,wildly,Tapeworm 
matter,,eminent,flags ,,,willfully,Tarantula 
measure,,emotional,flames ,,,wisely,Tarpan 
meddle,,empty,floods ,,,woefully,Tazmanian devil 
melt,,enchanted,floors ,,,wonderfully,Tazmanian tiger 
memorise,,enchanting,flowers ,,,worriedly,Terrapin 
mend,,energetic,flutes ,,,wrongly,Tick
messup,,enlightened,flies ,,,yawningly,Tiger shark
milk,,enormous,foams ,,,yearly ,Tortoise 
mine,,enraged,fogs ,,,yearningly,Trout
miss,,entire,foods ,,,yesterday,Turkey
mix,,envious,foots ,,,yieldingly,Turtle 
moan,,equal,footballs ,,,youthfully      ,Uakari 
moor,,equatorial,foreheads ,,,zealously   ,Umbrella bird 
mourn,,essential,forests ,,,zestfully    ,Urchin 
move,,esteemed,forks ,,,zestily,Urutu 
muddle,,ethical,fountains ,,,,Vicuna 
mug,,euphoric,foxes ,,,,Viper 
multiply,,even,frames ,,,,Vulture 
murder,,evergreen,freckles ,,,,Vampire bat 
nail,,everlasting,freezers ,,,,Velociraptor 
name,,every,frogs ,,,,Vole 
need,,evil,frosts ,,,,Viper Fish 
nest,,exalted,fruits ,,,,Velvet worm 
nod,,excellent,fuels ,,,,Vervet 
note,,exemplary,furs ,,,,Walrus 
notice,,exhausted,furniture ,,,,Warbler 
number,,excitable,games ,,,,Warthog 
obey,,excited,garages ,,,,Wasp 
object,,exciting,gardens ,,,,Water Buffalo 
observe,,exotic,garlics ,,,,Water Dragons
obtain,,expensive,gases ,,,,Wallaby 
occur,,experienced,gates ,,,,Whale 
offend,,expert,gears ,,,,Whale Shark 
offer,,extraneous,ghosts ,,,,White Rhino
open,,extroverted,giraffes ,,,,Whippet 
order,,extra-large,girls ,,,,White tailed dear 
overflow,,extra-small,glasses ,,,,Whooper 
owe,,fabulous,gloves ,,,,Whooping Crane 
own,,failing,glues ,,,,Weasel 
pack,,faint,goals ,,,,Weevil 
paddle,,fair,goats ,,,,Wolf 
paint,,faithful,gold ,,,,Wolf Spider 
park,,fake,goldfishes ,,,,Wolverine
part,,FALSE,golfs ,,,,Woodchuck
pass,,familiar,gorillas ,,,,Woodpecker
paste,,famous,governments ,,,,Widow Spider 
pat,,fancy,grapes ,,,,Wren 
pause,,fantastic,grasses ,,,,Wombat 
peck,,far,grasshoppers ,,,,Wildcat
pedal,,faraway,greases ,,,,Wildebeest
peel,,far-flung,grills ,,,,X-ray fish 
peep,,far-off,groups ,,,,Yak 
perform,,fast,guitars ,,,,Yellow Bellied Marmot 
permit,,fat,gums ,,,,Yellow belly sapsucker 
phone,,fatal,gyms ,,,,Yellow finned tuna 
pick,,fatherly,gymnasts ,,,,Yeti 
pinch,,favorable,hails ,,,,Yorkshire terrier 
pine,,favorite,hairs ,,,,Zander 
place,,fearful,haircuts ,,,,Zebra 
plan,,fearless,halls ,,,,Zebra Finch 
plant,,feisty,hamburgers ,,,,Zebra Dove 
play,,feline,hammers ,,,,Zorilla 
please,,female,hamsters ,,,,Zebu
plug,,feminine,hands ,,,,
point,,few,handballs ,,,,
poke,,fickle,handles ,,,,
polish,,filthy,hardware ,,,,
pop,,fine,harmonicas ,,,,
possess,,finished,harmonies ,,,,
post,,firm,hats ,,,,
pour,,first,hates ,,,,
practise,,firsthand,hawks ,,,,
pray,,fitting,heads ,,,,
preach,,fixed,headlights ,,,,
precede,,flaky,health ,,,,
prefer,,flamboyant,hearts ,,,,
prepare,,flashy,heats ,,,,
present,,flat,heavens ,,,,
preserve,,flawed,hedges ,,,,
press,,flawless,heights ,,,,
pretend,,flickering,helicopters ,,,,
prevent,,flimsy,helmets ,,,,
prick,,flippant,helps ,,,,
print,,flowery,hens ,,,,
produce,,fluffy,hills ,,,,
program,,fluid,hips ,,,,
promise,,flustered,hippopotami,,,,
protect,,focused,histories ,,,,
provide,,fond,holes ,,,,
pull,,foolhardy,holidays ,,,,
pump,,foolish,homes ,,,,
punch,,forceful,honeys ,,,,
puncture,,forked,hoods ,,,,
punish,,formal,hooks ,,,,
push,,forsaken,horns ,,,,
question,,forthright,horses ,,,,
queue,,fortunate,hoses ,,,,
race,,fragrant,hospitals ,,,,
radiate,,frail,hours ,,,,
rain,,frank,houses ,,,,
raise,,frayed,hurricanes ,,,,
reach,,free,hyenas ,,,,
realise,,French,ices ,,,,
receive,,fresh,icicles ,,,,
recognise,,frequent,ideas ,,,,
record,,friendly,inks ,,,,
reduce,,frightened,insects ,,,,
reflect,,frightening,instruments ,,,,
refuse,,frigid,Internets ,,,,
regret,,frilly,inventions ,,,,
reign,,frizzy,irons ,,,,
reject,,frivolous,islands ,,,,
rejoice,,front,jackets ,,,,
relax,,frosty,jaguars ,,,,
release,,frozen,jails ,,,,
rely,,frugal,jams ,,,,
remain,,fruitful,jars ,,,,
remember,,full,jaws ,,,,
remind,,fumbling,jeans ,,,,
remove,,functional,jeeps ,,,,
repair,,funny,jellies ,,,,
repeat,,fussy,jellyfishes ,,,,
replace,,fuzzy,jets ,,,,
reply,,gargantuan,jewels ,,,,
report,,gaseous,jokes ,,,,
reproduce,,general,journeys ,,,,
request,,generous,judges ,,,,
rescue,,gentle,judos ,,,,
retire,,genuine,juices ,,,,
return,,giant,jumps ,,,,
rhyme,,giddy,jumpers ,,,,
rinse,,gigantic,kangaroos ,,,,
risk,,gifted,karats ,,,,
rob,,giving,kayaks ,,,,
rock,,glamorous,kettles ,,,,
roll,,glaring,keys ,,,,
rot,,glass,keyboards ,,,,
rub,,gleaming,kicks ,,,,
ruin,,gleeful,kisses ,,,,
rule,,glistening,kitchens ,,,,
rush,,glittering,kites ,,,,
sack,,gloomy,kittens ,,,,
sail,,glorious,knees ,,,,
satisfy,,glossy,knifes ,,,,
save,,glum,knights ,,,,
saw,,golden,knots ,,,,
scare,,good,laces ,,,,
scatter,,good-natured,ladybugs ,,,,
scold,,gorgeous,lakes ,,,,
scorch,,graceful,lambs ,,,,
scrape,,gracious,lamps ,,,,
scratch,,grand,lands ,,,,
scream,,grandiose,lasagnas ,,,,
screw,,granular,laughs  ,,,,
scribble,,grateful,leafs ,,,,
scrub,,grave,leathers ,,,,
seal,,gray,leeks ,,,,
search,,great,legs ,,,,
separate,,greedy,lemonades ,,,,
serve,,green,leopards ,,,,
settle,,gregarious,letters ,,,,
shade,,grim,lettuces ,,,,
share,,grimy,libraries ,,,,
shave,,gripping,lifts ,,,,
shelter,,grizzled,lights  ,,,,
shiver,,gross,lilies ,,,,
shock,,grotesque,lines ,,,,
shop,,grouchy,lions ,,,,
shrug,,grounded,lips ,,,,
sigh,,growing,lipsticks ,,,,
sign,,growling,liquids ,,,,
signal,,grown,lists ,,,,
sin,,grubby,litters ,,,,
sip,,gruesome,lizards ,,,,
ski,,grumpy,loafs ,,,,
skip,,guilty,lobsters ,,,,
slap,,gullible,locks ,,,,
slip,,gummy,lockets ,,,,
slow,,hairy,locusts ,,,,
smash,,half,looks ,,,,
smell,,handmade,lotions ,,,,
smile,,handsome,loves ,,,,
smoke,,handy,lunches ,,,,
snatch,,happy,lynxes ,,,,
sneeze,,happy-go-lucky,macaronies ,,,,
sniff,,hard,machines ,,,,
snore,,hard-to-find,magazines ,,,,
snow,,harmful,magics ,,,,
soak,,harmless,magicians ,,,,
soothe,,harmonious,mails ,,,,
sound,,harsh,mailboxes ,,,,
spare,,hasty,mailmen ,,,,
spark,,hateful,makeups ,,,,
sparkle,,haunting,maps ,,,,
spell,,healthy,marbles ,,,,
spill,,heartfelt,marks ,,,,
spoil,,hearty,markets ,,,,
spot,,heavenly,mascaras ,,,,
spray,,heavy,masks ,,,,
sprout,,hefty,matches ,,,,
squash,,helpful,meals ,,,,
squeak,,helpless,meats ,,,,
squeal,,hidden,mechanics ,,,,
squeeze,,hideous,medicines ,,,,
stain,,high,memories ,,,,
stamp,,high-level,men ,,,,
stare,,hilarious,menus ,,,,
start,,hoarse,messages ,,,,
stay,,hollow,metals ,,,,
steer,,homely,mice ,,,,
step,,honest,middles ,,,,
stir,,honorable,milks ,,,,
stitch,,honored,milkshakes ,,,,
stop,,hopeful,mints ,,,,
store,,horrible,minutes ,,,,
strap,,hospitable,mirrors ,,,,
strengthen,,hot,mists ,,,,
stretch,,huge,mistakes ,,,,
strip,,humble,mittens ,,,,
stroke,,humiliating,Mondays ,,,,
stuff,,humming,moneys ,,,,
subtract,,humongous,monkeys ,,,,
succeed,,hungry,months ,,,,
suck,,hurtful,moons ,,,,
suffer,,husky,mornings ,,,,
suggest,,icky,mosquitos ,,,,
suit,,icy,motorboats ,,,,
supply,,ideal,motorcycles ,,,,
support,,idealistic,mountains ,,,,
suppose,,identical,mouses ,,,,
surprise,,idle,moustaches ,,,,
surround,,idiotic,mouths ,,,,
suspect,,idolized,musics ,,,,
suspend,,ignorant,mustards ,,,,
switch,,ill,nails ,,,,
talk,,illegal,names ,,,,
tame,,ill-fated,napkins ,,,,
tap,,ill-informed,necks ,,,,
taste,,illiterate,needles ,,,,
tease,,illustrious,nests ,,,,
telephone,,imaginary,nets ,,,,
tempt,,imaginative,news ,,,,
terrify,,immaculate,nights ,,,,
test,,immaterial,noises ,,,,
thank,,immediate,noodles ,,,,
thaw,,immense,noses ,,,,
tick,,impassioned,notes ,,,,
tickle,,impeccable,notebooks ,,,,
tie,,impartial,numbers ,,,,
time,,imperfect,nuts ,,,,
tip,,imperturbable,oaks ,,,,
tire,,impish,oatmeals ,,,,
touch,,impolite,oceans ,,,,
tour,,important,octopuses ,,,,
tow,,impossible,offices ,,,,
trace,,impractical,oils ,,,,
trade,,impressionable,olives ,,,,
train,,impressive,onions ,,,,
transport,,improbable,oranges ,,,,
trap,,impure,orchestras ,,,,
travel,,inborn,ostriches ,,,,
treat,,incomparable,otters ,,,,
tremble,,incompatible,ovens ,,,,
trick,,incomplete,owls ,,,,
trip,,inconsequential,oxen ,,,,
trot,,incredible,oxygens ,,,,
trouble,,indelible,oysters ,,,,
trust,,inexperienced,packets ,,,,
try,,indolent,pages ,,,,
tug,,infamous,pails ,,,,
tumble,,infantile,pains ,,,,
turn,,infatuated,paints ,,,,
twist,,inferior,pairs ,,,,
type,,infinite,pajamas ,,,,
undress,,informal,pamphlets ,,,,
unfasten,,innocent,pans ,,,,
unite,,insecure,pancakes ,,,,
unlock,,insidious,pandas ,,,,
unpack,,insignificant,pansies ,,,,
untidy,,insistent,panthers ,,,,
use,,instructive,pants ,,,,
vanish,,insubstantial,papers ,,,,
visit,,intelligent,parcels ,,,,
wail,,intent,parents ,,,,
wait,,intentional,parks ,,,,
walk,,interesting,parrots ,,,,
wander,,internal,parties ,,,,
want,,international,pastas ,,,,
warm,,intrepid,pastes ,,,,
warn,,ironclad,pastries ,,,,
wash,,irresponsible,patches ,,,,
waste,,irritating,paths ,,,,
watch,,itchy,peas ,,,,
water,,jaded,peaches ,,,,
wave,,jagged,peanuts ,,,,
weigh,,jam-packed,pears ,,,,
welcome,,jaunty,pedestrians ,,,,
whine,,jealous,pelicans ,,,,
whip,,jittery,pens ,,,,
whirl,,joint,pencils ,,,,
whisper,,jolly,peppers ,,,,
whistle,,jovial,perfumes ,,,,
wink,,joyful,persons ,,,,
wipe,,joyous,pests ,,,,
wish,,jubilant,pets ,,,,
wobble,,judicious,phones ,,,,
wonder,,juicy,pianos ,,,,
work,,jumbo,pickles ,,,,
worry,,junior,pictures ,,,,
wrap,,jumpy,pies ,,,,
wreck,,juvenile,pigs ,,,,
wrestle,,kaleidoscopic,pigeons ,,,,
wriggle,,keen,pillows ,,,,
x-ray,,key,pilots ,,,,
yawn,,kind,pimples ,,,,
yell,,kindhearted,pins ,,,,
zip,,kindly,pipes ,,,,
zoo,,klutzy,pizzas ,,,,
,,knobby,planes ,,,,
,,knotty,plants ,,,,
,,knowledgeable,plantations ,,,,
,,knowing,plastics ,,,,
,,known,plates ,,,,
,,kooky,playgrounds ,,,,
,,kosher,plots ,,,,
,,lame,pockets ,,,,
,,lanky,poisons ,,,,
,,large,polices ,,,,
,,last,policemen ,,,,
,,lasting,pollutions ,,,,
,,late,ponds ,,,,
,,lavish,popcorns ,,,,
,,lawful,poppies ,,,,
,,lazy,porcupines ,,,,
,,leading,postages ,,,,
,,lean,postboxes ,,,,
,,leafy,pots ,,,,
,,left,potatoes ,,,,
,,legal,poultries ,,,,
,,legitimate,powders ,,,,
,,light,powers ,,,,
,,lighthearted,prices ,,,,
,,likable,printers ,,,,
,,likely,prisons ,,,,
,,limited,pumpkins ,,,,
,,limp,puppies ,,,,
,,limping,pyramids ,,,,
,,linear,queens ,,,,
,,lined,questions ,,,,
,,liquid,quick sands ,,,,
,,little,quills ,,,,
,,live,quilts ,,,,
,,lively,rabbits ,,,,
,,livid,radios ,,,,
,,loathsome,radishes ,,,,
,,lone,rafts ,,,,
,,lonely,rails ,,,,
,,long,railways ,,,,
,,long-term,rains ,,,,
,,loose,rainbows ,,,,
,,lopsided,raincoats ,,,,
,,lost,rainstorms ,,,,
,,loud,rakes ,,,,
,,lovable,rats ,,,,
,,lovely,raviolis ,,,,
,,loving,rays ,,,,
,,low,recorders ,,,,
,,loyal,rectangles ,,,,
,,lucky,refrigerators ,,,,
,,lumbering,reindeers ,,,,
,,luminous,relativess ,,,,
,,lumpy,restaurants ,,,,
,,lustrous,rewards ,,,,
,,luxurious,rhinoceroses ,,,,
,,mad,races ,,,,
,,made-up,riddles ,,,,
,,magnificent,rings ,,,,
,,majestic,rivers ,,,,
,,major,roads ,,,,
,,male,roasts ,,,,
,,mammoth,rocks ,,,,
,,married,rolls ,,,,
,,marvelous,roofs ,,,,
,,masculine,rooms ,,,,
,,massive,roosters ,,,,
,,mature,roses ,,,,
,,meager,rowboats ,,,,
,,mealy,rubbers ,,,,
,,mean,sacks ,,,,
,,measly,sails ,,,,
,,meaty,sailboats ,,,,
,,medical,sailors ,,,,
,,mediocre,salads ,,,,
,,medium,salmons ,,,,
,,meek,salts ,,,,
,,mellow,sands ,,,,
,,melodic,sandwiches ,,,,
,,memorable,sardines ,,,,
,,menacing,sauces ,,,,
,,merry,sausages ,,,,
,,messy,saws ,,,,
,,metallic,saxophones ,,,,
,,mild,scarecrows ,,,,
,,milky,scarfs ,,,,
,,mindless,schools ,,,,
,,miniature,scissors ,,,,
,,minor,scooters ,,,,
,,minty,scorpions ,,,,
,,miserable,screws ,,,,
,,miserly,screwdrivers ,,,,
,,misguided,seas ,,,,
,,misty,seagulls ,,,,
,,mixed,seals ,,,,
,,modern,seaplanes ,,,,
,,modest,seashores ,,,,
,,moist,seasons ,,,,
,,monstrous,seats ,,,,
,,monthly,seconds ,,,,
,,monumental,seeds ,,,,
,,moral,sentences ,,,,
,,mortified,servants ,,,,
,,motherly,shades ,,,,
,,motionless,shadows ,,,,
,,mountainous,shallots ,,,,
,,muddy,shampoos ,,,,
,,muffled,sharks ,,,,
,,multicolored,shears ,,,,
,,mundane,sheep ,,,,
,,murky,sheets ,,,,
,,mushy,shelves ,,,,
,,musty,shells ,,,,
,,muted,shields ,,,,
,,mysterious,ships ,,,,
,,naive,shirts ,,,,
,,narrow,shoes ,,,,
,,nasty,shoemakers ,,,,
,,natural,shops ,,,,
,,naughty,shorts ,,,,
,,nautical,shoulders ,,,,
,,near,shovels ,,,,
,,neat,shoes ,,,,
,,necessary,sides ,,,,
,,needy,sidewalks ,,,,
,,negative,signs ,,,,
,,neglected,signatures ,,,,
,,negligible,silks ,,,,
,,neighboring,silvers ,,,,
,,nervous,singers ,,,,
,,new,sinks ,,,,
,,next,sisters ,,,,
,,nice,skins ,,,,
,,nifty,skirts ,,,,
,,nimble,skies ,,,,
,,nippy,sleds ,,,,
,,nocturnal,slippers ,,,,
,,noisy,slopes ,,,,
,,nonstop,smokes ,,,,
,,normal,snails ,,,,
,,notable,snakes ,,,,
,,noted,sneezes ,,,,
,,noteworthy,snows ,,,,
,,novel,snowflakes ,,,,
,,noxious,snowmen,,,,
,,numb,soaps ,,,,
,,nutritious,soccer balls ,,,,
,,nutty,socks ,,,,
,,obedient,sofas ,,,,
,,obese,softballs ,,,,
,,oblong,soldiers ,,,,
,,oily,sons ,,,,
,,oblong,songs ,,,,
,,obvious,sounds ,,,,
,,occasional,soups ,,,,
,,odd,soybeans ,,,,
,,oddball,spaces ,,,,
,,offbeat,spades ,,,,
,,offensive,spaghettis ,,,,
,,official,sparks ,,,,
,,old,sparrows ,,,,
,,old-fashioned,spears ,,,,
,,only,speedboats ,,,,
,,open,spiders ,,,,
,,optimal,spikes ,,,,
,,optimistic,spinaches ,,,,
,,opulent,sponges ,,,,
,,orange,spoons ,,,,
,,orderly,spots ,,,,
,,organic,sprouts ,,,,
,,ornate,spies ,,,,
,,ornery,squares ,,,,
,,ordinary,squashes ,,,,
,,original,squids ,,,,
,,other,squirrels ,,,,
,,our,stages ,,,,
,,outlying,staircases ,,,,
,,outgoing,stamps ,,,,
,,outlandish,stars ,,,,
,,outrageous,stations ,,,,
,,outstanding,steams ,,,,
,,oval,steels ,,,,
,,overcooked,stems ,,,,
,,overdue,steps ,,,,
,,overjoyed,stews ,,,,
,,overlooked,sticks ,,,,
,,palatable,stitches ,,,,
,,pale,stingers ,,,,
,,paltry,stomachs ,,,,
,,parallel,stones ,,,,
,,parched,stools ,,,,
,,partial,signs ,,,,
,,passionate,stopwatches,,,,
,,past,stores ,,,,
,,pastel,storms ,,,,
,,peaceful,stories ,,,,
,,peppery,stoves ,,,,
,,perfect,strangers ,,,,
,,perfumed,straws ,,,,
,,periodic,streams ,,,,
,,perky,strings ,,,,
,,personal,submarines ,,,,
,,pertinent,sugars ,,,,
,,pesky,suits ,,,,
,,pessimistic,summers ,,,,
,,petty,suns ,,,,
,,phony,sunshines ,,,,
,,physical,sunflowers ,,,,
,,piercing,supermarkets ,,,,
,,pink,surfboards ,,,,
,,pitiful,surnames ,,,,
,,plain,surprises ,,,,
,,plaintive,sushis ,,,,
,,plastic,swallows ,,,,
,,playful,swamps ,,,,
,,pleasant,swans ,,,,
,,pleased,sweaters ,,,,
,,pleasing,sweatshirts ,,,,
,,plump,sweets ,,,,
,,plush,swings ,,,,
,,polished,switches ,,,,
,,polite,swords ,,,,
,,political,swordfishes ,,,,
,,pointed,syrups ,,,,
,,pointless,tables ,,,,
,,poised,tabletops ,,,,
,,poor,tadpoles ,,,,
,,popular,tails ,,,,
,,portly,targets ,,,,
,,posh,taxes ,,,,
,,positive,taxis ,,,,
,,possible,teas ,,,,
,,potable,teachers ,,,,
,,powerful,teams ,,,,
,,powerless,teeth ,,,,
,,practical,televisions ,,,,
,,precious,tents ,,,,
,,present,textbooks ,,,,
,,prestigious,theaters ,,,,
,,pretty,thistles ,,,,
,,precious,thoughts ,,,,
,,previous,threads ,,,,
,,pricey,throats ,,,,
,,prickly,thrones ,,,,
,,primary,thumbs ,,,,
,,prime,thunders ,,,,
,,pristine,thunderstorms ,,,,
,,private,tickets ,,,,
,,prize,ties ,,,,
,,probable,tigers ,,,,
,,productive,tiles ,,,,
,,profitable,times ,,,,
,,profuse,tires ,,,,
,,proper,toads ,,,,
,,proud,toasts ,,,,
,,prudent,toes ,,,,
,,punctual,toilets ,,,,
,,pungent,tomatoes ,,,,
,,puny,tongues ,,,,
,,pure,toothbrushes ,,,,
,,purple,toothpastes ,,,,
,,pushy,tops ,,,,
,,putrid,tornados ,,,,
,,puzzled,tortoises ,,,,
,,puzzling,towers ,,,,
,,quaint,towns ,,,,
,,qualified,toys ,,,,
,,quarrelsome,tractors ,,,,
,,quarterly,traffics ,,,,
,,queasy,trails ,,,,
,,querulous,trains ,,,,
,,questionable,transports ,,,,
,,quick,trays ,,,,
,,quick-witted,trees ,,,,
,,quiet,triangles ,,,,
,,quintessential,tricks ,,,,
,,quirky,trips ,,,,
,,quixotic,trombones ,,,,
,,quizzical,troubles ,,,,
,,radiant,trousers ,,,,
,,ragged,trucks ,,,,
,,rapid,trumpets ,,,,
,,rare,trunks ,,,,
,,rash,tubs ,,,,
,,raw,tubas ,,,,
,,recent,tugboats ,,,,
,,reckless,tulips ,,,,
,,rectangular,tunas ,,,,
,,ready,tunes ,,,,
,,real,Turkeys ,,,,
,,realistic,turnips ,,,,
,,reasonable,turtles ,,,,
,,red,TVs ,,,,
,,reflecting,twigs ,,,,
,,regal,twilights ,,,,
,,regular,twines ,,,,
,,reliable,umbrellas ,,,,
,,relieved,valleys ,,,,
,,remarkable,vans ,,,,
,,remorseful,vases ,,,,
,,remote,vegetables ,,,,
,,repentant,veils ,,,,
,,required,veins ,,,,
,,respectful,vessels ,,,,
,,responsible,vests ,,,,
,,repulsive,violins ,,,,
,,revolving,volcanoes ,,,,
,,rewarding,volleyballs ,,,,
,,rich,vultures ,,,,
,,rigid,walls ,,,,
,,right,wallabies ,,,,
,,ringed,walruses ,,,,
,,ripe,washers ,,,,
,,roasted,wasps ,,,,
,,robust,wastes ,,,,
,,rosy,watches ,,,,
,,rotating,watchmakers ,,,,
,,rotten,waters ,,,,
,,rough,waterfalls ,,,,
,,round,waves ,,,,
,,rowdy,waxes ,,,,
,,royal,weapons ,,,,
,,rubbery,weasels ,,,,
,,rundown,weathers ,,,,
,,ruddy,wedges ,,,,
,,rude,whales ,,,,
,,runny,wheels ,,,,
,,rural,whips ,,,,
,,rusty,whistles ,,,,
,,sad,wildernesses ,,,,
,,safe,willows ,,,,
,,salty,winds ,,,,
,,same,windows ,,,,
,,sandy,windscreens ,,,,
,,sane,wings ,,,,
,,sarcastic,winters ,,,,
,,sardonic,wires ,,,,
,,satisfied,wishes ,,,,
,,scaly,witches ,,,,
,,scarce,wolfs ,,,,
,,scared,women,,,,
,,scary,woods ,,,,
,,scented,wools ,,,,
,,scholarly,words ,,,,
,,scientific,workshops ,,,,
,,scornful,worms ,,,,
,,scratchy,wounds ,,,,
,,scrawny,wrens ,,,,
,,second,wrenches ,,,,
,,secondary,wrinkles ,,,,
,,second-hand,wrists ,,,,
,,secret,xylophones ,,,,
,,self-assured,yachts ,,,,
,,self-reliant,yaks ,,,,
,,selfish,yards ,,,,
,,sentimental,yogurts ,,,,
,,separate,zebras ,,,,
,,serene,zippers ,,,,
,,serious,zoos ,,,,
,,serpentine,,,,,
,,several,,,,,
,,severe,,,,,
,,shabby,,,,,
,,shadowy,,,,,
,,shady,,,,,
,,shallow,,,,,
,,shameful,,,,,
,,shameless,,,,,
,,sharp,,,,,
,,shimmering,,,,,
,,shiny,,,,,
,,shocked,,,,,
,,shocking,,,,,
,,shoddy,,,,,
,,short,,,,,
,,short-term,,,,,
,,showy,,,,,
,,shrill,,,,,
,,shy,,,,,
,,sick,,,,,
,,silent,,,,,
,,silky,,,,,
,,silly,,,,,
,,silver,,,,,
,,similar,,,,,
,,simple,,,,,
,,simplistic,,,,,
,,sinful,,,,,
,,single,,,,,
,,sizzling,,,,,
,,skeletal,,,,,
,,skinny,,,,,
,,sleepy,,,,,
,,slight,,,,,
,,slim,,,,,
,,slimy,,,,,
,,slippery,,,,,
,,slow,,,,,
,,slushy,,,,,
,,small,,,,,
,,smart,,,,,
,,smoggy,,,,,
,,smooth,,,,,
,,smug,,,,,
,,snappy,,,,,
,,snarling,,,,,
,,sneaky,,,,,
,,sniveling,,,,,
,,snoopy,,,,,
,,sociable,,,,,
,,soft,,,,,
,,soggy,,,,,
,,solid,,,,,
,,somber,,,,,
,,some,,,,,
,,spherical,,,,,
,,sophisticated,,,,,
,,sore,,,,,
,,sorrowful,,,,,
,,soulful,,,,,
,,soupy,,,,,
,,sour,,,,,
,,Spanish,,,,,
,,sparkling,,,,,
,,sparse,,,,,
,,specific,,,,,
,,spectacular,,,,,
,,speedy,,,,,
,,spicy,,,,,
,,spiffy,,,,,
,,spirited,,,,,
,,spiteful,,,,,
,,splendid,,,,,
,,spotless,,,,,
,,spotted,,,,,
,,spry,,,,,
,,square,,,,,
,,squeaky,,,,,
,,squiggly,,,,,
,,stable,,,,,
,,staid,,,,,
,,stained,,,,,
,,stale,,,,,
,,standard,,,,,
,,starchy,,,,,
,,stark,,,,,
,,starry,,,,,
,,steep,,,,,
,,sticky,,,,,
,,stiff,,,,,
,,stimulating,,,,,
,,stingy,,,,,
,,stormy,,,,,
,,straight,,,,,
,,strange,,,,,
,,steel,,,,,
,,strict,,,,,
,,strident,,,,,
,,striking,,,,,
,,striped,,,,,
,,strong,,,,,
,,studious,,,,,
,,stunning,,,,,
,,stupendous,,,,,
,,stupid,,,,,
,,sturdy,,,,,
,,stylish,,,,,
,,subdued,,,,,
,,submissive,,,,,
,,substantial,,,,,
,,subtle,,,,,
,,suburban,,,,,
,,sudden,,,,,
,,sugary,,,,,
,,sunny,,,,,
,,super,,,,,
,,superb,,,,,
,,superficial,,,,,
,,superior,,,,,
,,supportive,,,,,
,,sure-footed,,,,,
,,surprised,,,,,
,,suspicious,,,,,
,,svelte,,,,,
,,sweaty,,,,,
,,sweet,,,,,
,,sweltering,,,,,
,,swift,,,,,
,,sympathetic,,,,,
,,tall,,,,,
,,talkative,,,,,
,,tame,,,,,
,,tan,,,,,
,,tangible,,,,,
,,tart,,,,,
,,tasty,,,,,
,,tattered,,,,,
,,taut,,,,,
,,tedious,,,,,
,,teeming,,,,,
,,tempting,,,,,
,,tender,,,,,
,,tense,,,,,
,,tepid,,,,,
,,terrible,,,,,
,,terrific,,,,,
,,testy,,,,,
,,thankful,,,,,
,,that,,,,,
,,these,,,,,
,,thick,,,,,
,,thin,,,,,
,,third,,,,,
,,thirsty,,,,,
,,this,,,,,
,,thorough,,,,,
,,thorny,,,,,
,,those,,,,,
,,thoughtful,,,,,
,,threadbare,,,,,
,,thrifty,,,,,
,,thunderous,,,,,
,,tidy,,,,,
,,tight,,,,,
,,timely,,,,,
,,tinted,,,,,
,,tiny,,,,,
,,tired,,,,,
,,torn,,,,,
,,total,,,,,
,,tough,,,,,
,,traumatic,,,,,
,,treasured,,,,,
,,tremendous,,,,,
,,tragic,,,,,
,,trained,,,,,
,,tremendous,,,,,
,,triangular,,,,,
,,tricky,,,,,
,,trifling,,,,,
,,trim,,,,,
,,trivial,,,,,
,,troubled,,,,,
,,TRUE,,,,,
,,trusting,,,,,
,,trustworthy,,,,,
,,trusty,,,,,
,,truthful,,,,,
,,tubby,,,,,
,,turbulent,,,,,
,,twin,,,,,
,,ugly,,,,,
,,ultimate,,,,,
,,unacceptable,,,,,
,,unaware,,,,,
,,uncomfortable,,,,,
,,uncommon,,,,,
,,unconscious,,,,,
,,understated,,,,,
,,unequaled,,,,,
,,uneven,,,,,
,,unfinished,,,,,
,,unfit,,,,,
,,unfolded,,,,,
,,unfortunate,,,,,
,,unhappy,,,,,
,,unhealthy,,,,,
,,uniform,,,,,
,,unimportant,,,,,
,,unique,,,,,
,,united,,,,,
,,unkempt,,,,,
,,unknown,,,,,
,,unlawful,,,,,
,,unlined,,,,,
,,unlucky,,,,,
,,unnatural,,,,,
,,unpleasant,,,,,
,,unrealistic,,,,,
,,unripe,,,,,
,,unruly,,,,,
,,unselfish,,,,,
,,unsightly,,,,,
,,unsteady,,,,,
,,unsung,,,,,
,,untidy,,,,,
,,untimely,,,,,
,,untried,,,,,
,,untrue,,,,,
,,unused,,,,,
,,unusual,,,,,
,,unwelcome,,,,,
,,unwieldy,,,,,
,,unwilling,,,,,
,,unwitting,,,,,
,,unwritten,,,,,
,,upbeat,,,,,
,,upright,,,,,
,,upset,,,,,
,,urban,,,,,
,,usable,,,,,
,,used,,,,,
,,useful,,,,,
,,useless,,,,,
,,utilized,,,,,
,,utter,,,,,
,,vacant,,,,,
,,vague,,,,,
,,vain,,,,,
,,valid,,,,,
,,valuable,,,,,
,,vapid,,,,,
,,variable,,,,,
,,vast,,,,,
,,velvety,,,,,
,,venerated,,,,,
,,vengeful,,,,,
,,verifiable,,,,,
,,vibrant,,,,,
,,vicious,,,,,
,,victorious,,,,,
,,vigilant,,,,,
,,vigorous,,,,,
,,villainous,,,,,
,,violet,,,,,
,,violent,,,,,
,,virtual,,,,,
,,virtuous,,,,,
,,visible,,,,,
,,vital,,,,,
,,vivacious,,,,,
,,vivid,,,,,
,,voluminous,,,,,
,,wan,,,,,
,,warlike,,,,,
,,warm,,,,,
,,warmhearted,,,,,
,,warped,,,,,
,,wary,,,,,
,,wasteful,,,,,
,,watchful,,,,,
,,waterlogged,,,,,
,,watery,,,,,
,,wavy,,,,,
,,wealthy,,,,,
,,weak,,,,,
,,weary,,,,,
,,webbed,,,,,
,,wee,,,,,
,,weekly,,,,,
,,weepy,,,,,
,,weighty,,,,,
,,weird,,,,,
,,welcome,,,,,
,,well-documented,,,,,
,,well-groomed,,,,,
,,well-informed,,,,,
,,well-lit,,,,,
,,well-made,,,,,
,,well-off,,,,,
,,well-to-do,,,,,
,,well-worn,,,,,
,,wet,,,,,
,,which,,,,,
,,whimsical,,,,,
,,whirlwind,,,,,
,,whispered,,,,,
,,white,,,,,
,,whole,,,,,
,,whopping,,,,,
,,wicked,,,,,
,,wide,,,,,
,,wide-eyed,,,,,
,,wiggly,,,,,
,,wild,,,,,
,,willing,,,,,
,,wilted,,,,,
,,winding,,,,,
,,windy,,,,,
,,winged,,,,,
,,wiry,,,,,
,,wise,,,,,
,,witty,,,,,
,,wobbly,,,,,
,,woeful,,,,,
,,wonderful,,,,,
,,wooden,,,,,
,,woozy,,,,,
,,wordy,,,,,
,,worldly,,,,,
,,worn,,,,,
,,worried,,,,,
,,worrisome,,,,,
,,worse,,,,,
,,worst,,,,,
,,worthless,,,,,
,,worthwhile,,,,,
,,worthy,,,,,
,,wrathful,,,,,
,,wretched,,,,,
,,writhing,,,,,
,,wrong,,,,,
,,wry,,,,,
,,yawning,,,,,
,,yearly,,,,,
,,yellow,,,,,
,,yellowish,,,,,
,,young,,,,,
,,youthful,,,,,
,,yummy,,,,,
,,zany,,,,,
,,zealous,,,,,
,,zesty,,,,,
,,zigzag,,,,,